op.31 叙情 [A],11.6
Kailua [A],11.6
The Onlyonez [A],11.6
Colors (radio edit) [A],11.8
Spica [A],11.8
FAKE TIME [H],11.8
RED ZONE [L],11.8
MINT [A],11.8
Candy Galy [A],11.8
Fascination MAXX [A],11.8
oratio [A],11.8
Go Beyond!! [A],11.8
Red. by Full Metal Jacket [A],11.8
Liberation [A],11.8
rumrum triplets [A],11.8
BRAINSTORM [A],11.8
夏色DIARY - L.E.D.-G STYLE MIX - [A],11.8
NINJA IS DEAD IIDX ver. [A],11.8
紫陽花 -AZISAI- [A],11.8
九尾狐夜行 [A],11.8
Afterimage d'automne [A],11.8
Primitive Vibes [A],11.8
Fire Beat [A],11.8
Pārvatī [A],11.8
CUE CUE RESCUE [L],11.8
《PL|RAYER》 [A],11.8
Sword Of Vengeance [A],11.8
灼熱 Lost Summer Dayz [A],11.8
era (nostal mix) [H],12.0
Summer Vacation (CU MIX) [H],12.0
route 80s [A],12.0
stoic [A],12.0
murmur twins [A],12.0
GHOST REVIVAL [A],12.0
SCREAM SQUAD [A],12.0
Concertino in Blue [A],12.0
Ganymede [A],12.0
smile [A],12.0
snow storm [A],12.0
"Anisakis -somatic mutation type ""Forza""- [A]",12.0
TROOPERS [A],12.0
3y3s [A],12.0
ミッドナイト堕天使 (SINO) [A],12.0
凛として咲く花の如く [L],12.0
Evans [A],12.0
Broken [A],12.0
Session 9 -chronicles- [A],12.0
SPECIAL SUMMER CAMPAIGN! [A],12.0
yellow head joe [A],12.0
子供の落書き帳 [A],12.0
恋する☆宇宙戦争っ！！ [A],12.0
Little Star [A],12.0
トリカゴノ鳳凰 [A],12.0
即席！脳直★ミュージックシステム [A],12.0
Elektrick U-Phoria [A],12.0
The Least 100sec [A],12.0
We're so Happy (P*Light Remix) IIDX ver. [A],12.0
ZZ [A],12.0
199024club -Re:BounceKiller- [A],12.0
Battle Train -IIDX Edition- [A],12.0
Highcharge Divolt [A],12.0
HADES [A],12.0
Rave Cannon [A],12.0
TOGAKUSHI [A],12.0
焱影 [A],12.0
童話回廊 [A],12.0
Antigravity [A],12.0
Eine Haube ～聖地の果てにあるもの～ [A],12.0
encounter [A],12.0
Persephone [A],12.0
Raspberry Railgun [A],12.0
Carry Me Away [A],12.0
深淵に捧ぐレクイエム [A],12.0
Rubrum Piano [A],12.0
バッド・スイーツ、バッド・ドリーム [A],12.0
雪上断火 [A],12.0
#CMFLG [A],12.0
Meissa [A],12.0
ACTØ [A],12.0
CODE:2 [A],12.0
Sirius [A],12.0
残像ニ繋ガレタ追憶ノHIDEAWAY [A],12.0
電光 [A],12.0
Here We Go Now [A],12.0
スパークリング☆彡ハイパーチューン！！ [A],12.0
RALLY '25 [A],12.0
era (nostal mix) [A],12.1
era (step mix) [A],12.1
starmine [A],12.1
QQQ [H],12.1
革命 [H],12.1
桜 [A],12.1
lower world [A],12.1
1st Samurai [A],12.1
gigadelic [H],12.1
BLOCKS [A],12.1
POODLE [L],12.1
華蝶風雪 [A],12.1
Sense 2007 [H],12.1
INORI [A],12.1
KAMAITACHI [A],12.1
Be OK [A],12.1
Do it!! Do it!! (EMP) [A],12.1
ミラージュ・レジデンス [A],12.1
Punch Love♡仮面 [L],12.1
DOMINION [A],12.1
GALGALIM [A],12.1
GOLDEN CROSS [A],12.1
New Castle Legions (ROOT) [A],12.1
SABER WING [A],12.1
sakura storm [A],12.1
THE BLACK KNIGHT [A],12.1
旅人リラン [A],12.1
黒髪乱れし修羅となりて [A],12.1
fffff [A],12.1
Infinite cave [A],12.1
GIGANT [L],12.1
FLOWER [A],12.1
True Blue [A],12.1
ΕΛΠΙΣ [A],12.1
カジノファイヤーことみちゃん [A],12.1
狂イ咲ケ焔ノ華 [A],12.1
Close the World feat.a☆ru [A],12.1
rainbow guitar weeps [A],12.1
Unicorn tail [A],12.1
ÆTHER [L],12.1
BRAVE OUT [L],12.1
Gravigazer [A],12.1
Invitation from Mr.C [A],12.1
Rave*it!! Rave*it!! [A],12.1
Ｘ↑Ｘ↓ [A],12.1
chaos eater -IIDX edition- [A],12.1
BabeL ～Grand Story～ [A],12.1
FUZIN RIZIN [A],12.1
Summerlights(IIDX Edition) [A],12.1
Arca [A],12.1
Papilio ulysses [A],12.1
Drastic Dramatic [A],12.1
GENE [A],12.1
Mächö Mönky [A],12.1
Night! Night! Night! [A],12.1
ONIGOROSHI [A],12.1
泰東ノ翠霞 (ROOT) [A],12.1
AKASHIC BREAK [A],12.1
Rave Patroller [A],12.1
T-REX vs Velociraptor (In the Far east euphoria) [A],12.1
BIGソムタム [A],12.1
Dawn Saga [A],12.1
OTOKOZAKA [A],12.1
Vitrum [A],12.1
スーパー戦湯ババンバーン [A],12.1
One for All [A],12.1
禊 [A],12.1
ONE AND ONLY [A],12.1
Dahlia [A],12.1
JUSTICE/GUILTY feat. Nana Takahashi & 709sec. [A],12.1
T.R.O.L.L. [A],12.1
Mid-Corner (Magic Maker) [A],12.1
SISYPHUS [A],12.1
Makin' It [A],12.1
RUGGED ASH [L],12.2
DXY! [H],12.2
SWEET LAB [A],12.2
one or eight [L],12.2
Innocent Walls [A],12.2
Love Is Eternity [A],12.2
No.13 [A],12.2
FAKE TIME [A],12.2
gigadelic [A],12.2
garden [A],12.2
Scripted Connection⇒ H mix [L],12.2
CONTRACT [A],12.2
tripping contact (teranoid&MC Natsack Remix) [A],12.2
Ganymede [L],12.2
Sense 2007 [A],12.2
TRANOID [A],12.2
GRID KNIGHT [L],12.2
the trigger of innocence [L],12.2
Wanna Party? [L],12.2
Colorful Cookie [A],12.2
Kung-fu Empire [L],12.2
eRAseRmOToRpHAntOM [A],12.2
BLACK.by X-Cross Fade [A],12.2
NNRT [A],12.2
Snake Stick [A],12.2
WONDER WALKER [A],12.2
A MINSTREL ～ ver. short-scape ～ [L],12.2
DAY DREAM [A],12.2
Hollywood Galaxy [A],12.2
JOMANDA [A],12.2
SYNC-ANTHEM [A],12.2
音楽 [A],12.2
Adularia [A],12.2
I will be back -オレは帰ってきた- [A],12.2
INSOMNIA [A],12.2
PUNISHER [A],12.2
RIZING YOU UP [A],12.2
轟け！恋のビーンボール！！ [A],12.2
BLUE DRAGON(雷龍Remix IIDX) [L],12.2
Feel The Beat [L],12.2
cinder [A],12.2
Shooting Fireball [A],12.2
Sounds Of Summer [A],12.2
SpaceLand☆TOYBOX [A],12.2
鬼天 [A],12.2
Devil's Gear [A],12.2
Nightmare before oversleep [A],12.2
Super Rush [A],12.2
〆 [A],12.2
刃図羅 [A],12.2
Umbral [L],12.2
255 [A],12.2
The Chase [A],12.2
Xperanza [A],12.2
EVANESCENT [A],12.2
GIGA THRASH [A],12.2
L.F.O. [A],12.2
Trill auf G [A],12.2
Double Dribble [A],12.2
Friction[!]Function [A],12.2
Megalara Garuda [A],12.2
TRIUMPH [A],12.2
Ypsilon [L],12.2
GiGaGaHell [A],12.2
グッバイ宣言 [L],12.2
ハイテックトキオ [L],12.2
Always We Trust In You [A],12.2
dica dica [A],12.2
glacia [A],12.2
Hat Surprise(Season 2) [A],12.2
MAX 360 [A],12.2
Peaktime Booster [A],12.2
Super Freak [A],12.2
神のシナリオ [A],12.2
KING [L],12.2
神っぽいな [L],12.2
GAME ON [A],12.2
Ghost Pulse [A],12.2
Seven Times Four [A],12.2
今宵、ロマンス横丁。 [A],12.2
"灼熱Beach Side Bunny (かめりあ's ""Summertime D'n'B"" Remix) [A]",12.2
終焔のClaudia [A],12.2
Bring The Fire [A],12.2
Satellite Burst [A],12.2
u gotta beat [A],12.2
Disco Killer Music Lover [A],12.2
Lisa-RICCIA [A],12.2
G2 [A],12.3
MAX 300 [A],12.3
革命 [A],12.3
RISLIM -Remix- [A],12.3
雪月花 [A],12.3
GENOCIDE [H],12.3
AA [A],12.3
Sphere [A],12.3
INAZUMA [A],12.3
華蝶風雪 [L],12.3
LASER CRUSTER [A],12.3
電人、暁に斃れる。 [A],12.3
ICARUS [A],12.3
"satellite020712 from ""CODED ARMS"" (DJT) [A]",12.3
State Of The Art (SINO) [A],12.3
NEW GENERATION -もう、お前しか見えない- [L],12.3
Arabian Rave Night [L],12.3
B4U(BEMANI FOR YOU MIX) [L],12.3
EXUSIA [A],12.3
G59 [A],12.3
Dances with Snow Fairies [A],12.3
ZETA ～素数の世界と超越者～ [A],12.3
F [A],12.3
HAERETICUS [A],12.3
Devilz Staircase [A],12.3
GAIA [A],12.3
Plan 8 [A],12.3
Sol Cosine Job 2 [A],12.3
アストライアの双皿 [A],12.3
シュレーディンガーの猫 [A],12.3
たまゆら [A],12.3
仮想空間の旅人たち [L],12.3
龍と少女とデコヒーレンス [L],12.3
Ancient Scapes [A],12.3
DARK LEGACY [A],12.3
invoker [A],12.3
Last Dance [A],12.3
バンブーソード・ガール [A],12.3
海神 [A],12.3
Miracle 5ympho X [L],12.3
Broken Sword [A],12.3
Despair of ELFERIA [A],12.3
Night sky [A],12.3
TIEFSEE [A],12.3
それは花火のような恋 [A],12.3
リリーゼと炎龍レーヴァテイン [A],12.3
千年ノ理 [A],12.3
超青少年ノ為ノ超多幸ナ超古典的超舞曲 [A],12.3
Beat Radiance [L],12.3
GUILTY [L],12.3
AO-1 [A],12.3
Blue Spring Express [A],12.3
Godspeed [A],12.3
StrayedCatz [A],12.3
Caterpillar [A],12.3
DORNWALD ～Junge～ [A],12.3
Quakes [A],12.3
RAIN [A],12.3
Snakey Kung-fu [A],12.3
Amazing Mirage [L],12.3
AA -rebuild- [A],12.3
ANCHOR [A],12.3
DEADHEAT [A],12.3
Illusionary Waterlily [A],12.3
NITROUS CANNON [A],12.3
Rampage [A],12.3
Slipstream [A],12.3
神謳 -RESONANCE- [A],12.3
Catch Our Fire! [A],12.3
GO OVER WITH GLARE -ROOTAGE 26- [A],12.3
HARD BRAIN [A],12.3
KILL EACH OTHER [A],12.3
Lethal Weapon [A],12.3
Red. by Jack Trance [A],12.3
ruin of opals [A],12.3
THE DAY OF JUBILATIONS [A],12.3
Visterhv [A],12.3
voltississimo [A],12.3
抱きしめてモナムール [A],12.3
金野火織の金色提言 [A],12.3
Dans la nuit de l'éternité [A],12.3
LASER CRUSTER (IGNITE REMIX) [A],12.3
LIGHTNING STRIKES [A],12.3
Lords Of The Roundtable [A],12.3
Matt Silver [A],12.3
SCREW // owo // SCREW [A],12.3
TECHNO Style Essentials [A],12.3
Vinculum stellarum [A],12.3
華麗なる大犬円舞曲 [A],12.3
ASIAN VIRTUAL REALITIES (MELTING TOGETHER IN DAZZLING DARKNESS) [A],12.3
Empire of Fury [A],12.3
innocent revolver [A],12.3
SOLID STATE SQUAD -RISEN RELIC REMIX- [A],12.3
Tiempo Loco [A],12.3
世界の果てに約束の凱歌を -ReUnion- [A],12.3
水鏡の異界 [A],12.3
魔法のかくれんぼ [A],12.3
Burning Flame [L],12.3
POLꞰAMAИIA [L],12.3
新宝島 [L],12.3
Aftermath [A],12.3
ALTERNATOR [A],12.3
Angel's Ladder [A],12.3
Don't believe the hype [A],12.3
Fegrix [A],12.3
LIVE DRIVING!! feat. 花たん [A],12.3
Purple Perplex [A],12.3
Push on Beats!～音ゲの国のeX-ストリーマー～ [A],12.3
Smalt #28598F [A],12.3
TOMAHAWK [A],12.3
Triple Cross [A],12.3
烽火連天の刃 [A],12.3
24h Endurance Race [A],12.3
B.O.D.Y. [A],12.3
BIGWAVERS [A],12.3
I [A],12.3
kors k's How to make OTOGE CORE 「LONG」 [A],12.3
No Border [A],12.3
Ōu Legends [A],12.3
Stylus [A],12.3
TECHNOPHOBIA [A],12.3
ぞうしょく！？マイデンティティ [A],12.3
恋愛＝精度×認識力 [A],12.3
BLAZING_LAZER [A],12.3
Cult Invitation [A],12.3
frequent [A],12.3
MAXIMUM CHEAT GIRL [A],12.3
Out of Control [A],12.3
Resonant [A],12.3
Stereo Beasts [A],12.3
Vermilion Carol [A],12.3
Xb10r [A],12.3
未完成ノ蒸氣驅動乙女 [A],12.3
電腦都市 [A],12.3
フォニイ [L],12.3
Aqvion [A],1116 [A]
COSMIC V3LOCITY [A],1116 [A]
DIVINE JUDGEMENT [A],1116 [A]
EX-MASSIVE FIGHTER [A],1116 [A]
EYE OF THE HEAVEN [A],1116 [A]
Pinky Happy Crazy [A],1116 [A]
Roar of Chronos [A],1116 [A]
Begin [A],1116 [A]
From Human Blood [A],1116 [A]
Regina vespaE [A],1116 [A]
Space Battleship S4TØ [A],1116 [A]
ビビッド ☆＋＊。キラキライム [A],1116 [A]
Holic [A],12.4
A [A],12.4
Cheer Train [A],12.4
LAB [L],12.4
Karma [A],12.4
moon_child [A],12.4
One More Lovely [A],12.4
CaptivAte～浄化～ [L],12.4
garden [L],12.4
rage against usual [L],12.4
Scripted Connection⇒ A mix [L],12.4
Twelfth Style [L],12.4
カゴノトリ ～弐式～ [A],12.4
VANESSA [A],12.4
Candy Galy [L],12.4
four pieces of heaven [A],12.4
少年A [A],12.4
THE DEEP STRIKER [L],12.4
Übertreffen [L],12.4
華爛漫 -Flowers- [L],12.4
Y&Co. is dead or alive (CB) [A],12.4
Secrets [L],12.4
thunder HOUSE NATION Remix [L],12.4
Raison d'être～交差する宿命～ [A],12.4
SOLID STATE SQUAD [A],12.4
AIR RAID FROM THA UNDAGROUND [L],12.4
灼熱Beach Side Bunny [A],12.4
quaver♪ [A],12.4
The Sampling Paradise [A],12.4
Todestrieb [A],12.4
YAKSHA [A],12.4
聖人の塔 [A],12.4
恋する☆宇宙戦争っ！！ [L],12.4
neu [A],12.4
Proof of the existence [A],12.4
Timepiece phase II [A],12.4
Timepiece phase II (CN Ver.) [A],12.4
Valanga [A],12.4
Zirkfied [A],12.4
キャトられ♥恋はモ～モク [A],12.4
ΕΛΠΙΣ [L],12.4
Idola [A],12.4
Verflucht [A],12.4
旋律のドグマ ～Misérables～ [A],12.4
疾風迅雷 [A],12.4
ALBA -黎明- [L],12.4
Close the World feat.a☆ru [L],12.4
invoker [L],12.4
廿 [L],12.4
海神 [L],12.4
EBONY & IVORY [A],12.4
entelecheia [A],12.4
fallen leaves -IIDX edition- [A],12.4
FANTASTIC THREE [A],12.4
Say YEEEAHH [A],12.4
TOXIC VIBRATION [A],12.4
表裏一体！？怪盗いいんちょの悩み♥ [A],12.4
Cosmic Cat [L],12.4
IMPLANTATION [L],12.4
Dynamite [A],12.4
M4K3 1T B0UNC3 [A],12.4
POSSESSION [A],12.4
refrain [A],12.4
Triple Counter [A],12.4
めいさいアイドル☆あいむちゃん♪ [A],12.4
真 地獄超特急 -HELL or HELL- [A],12.4
STARLIGHT DANCEHALL [L],12.4
ZEPHYRANTHES [L],12.4
Apocalypse [A],12.4
Go Ahead!! [A],12.4
OTENAMI Hurricane [A],12.4
Sky High [A],12.4
イザナミノナゲキ [A],12.4
津軽雪 [A],12.4
Boomy and The Boost [A],12.4
DEATH†ZIGOQ〜怒りの高速爆走野郎〜 [A],12.4
DropZ-Line- [A],12.4
"Life Is A Game ft.DD""ナカタ""Metal [A]",12.4
Usual Days-remix [A],12.4
シムルグの目醒め [A],12.4
東京神話 [A],12.4
ChaserXX [L],12.4
O/D*20 [L],12.4
dAuntl3ss [A],12.4
Level One [A],12.4
LOST TECHNOLOGIE [A],12.4
Painful Fate [A],12.4
Unbelief [A],12.4
Xlø [A],12.4
お菓子の王国 [A],12.4
最小三倍完全数 [A],12.4
龍王の霊廟(Mausoleum Of The Primal Dragon) [L],12.4
Artist [A],12.4
BEAT PRISONER [A],12.4
Level 2 [A],12.4
ORCA [A],12.4
THE BRAVE MUST DIE [A],12.4
がっつり陰キャ!?怪盗いいんちょの億劫^^; [A],12.4
Bow shock!! [L],12.4
BLACK or WHITE? [A],12.4
COSMIC RAY [A],12.4
DUAL STRIKER [A],12.4
Ignis†Iræ [A],12.4
Level 3 [A],12.4
LOCUS OF THE TRAVEL [A],12.4
THE PEERLESS UNDER HEAVEN [A],12.4
Viridian [A],12.4
2 Beasts Unchained [A],12.4
ABSOLUTE EVIL [A],12.4
Flying Castle [A],12.4
GRAVITON [A],12.4
PLASMA SOUL NIGHT feat. Nana Takahashi / 709sec. [A],12.4
Silver Bullet [A],12.4
天邪鬼 [A],12.4
逆月 [A],12.4
[ ]DENTITY [A],12.4
Chaotoxin [A],12.4
Level 4 [A],12.4
LOUDER ROLLING THUNDER [A],12.4
RINИE [A],12.4
The Clown of 24stairs [A],12.4
VØID [A],12.4
VOLAQUAS [A],12.4
儚キ戀ノ幻想譚 [A],12.4
≡+≡ [L],12.4
Caldwell 99 [L],12.4
Glitch N Ride [A],12.4
Million Dollar [A],12.4
SOLAR ECLIPSE [A],12.4
The Last Apocalypse [A],12.4
摩天楼 [A],12.4
destination [A],12.4
Drop Syndicate [A],12.4
Flämingo [A],12.4
FlyAway [A],12.4
hora de verdad [A],12.4
Lightspeed [A],12.4
MARLIN [A],12.4
NOIXIA [A],12.4
2 Be Continued [A],12.4
chaplet -IIDX re:build- [A],12.4
DXY! [A],12.5
minimalian [A],12.5
Logic Board [A],12.5
GENOCIDE [A],12.5
Be quiet [L],12.5
spiral galaxy [L],12.5
冥 [A],12.5
INAZUMA [L],12.5
Little Little Princess [L],12.5
DUE TOMORROW [A],12.5
嘆きの樹 [A],12.5
waxing and wanding [L],12.5
Blue Rain [L],12.5
Time to Air [L],12.5
BITTER CHOCOLATE STRIKER [L],12.5
"ワルツ第17番 ト短調""大犬のワルツ"" [A]",12.5
reunion [A],12.5
DIAVOLO [A],12.5
The Limbo [A],12.5
君のハートにロックオン [A],12.5
QUANTUM TELEPORTATION [L],12.5
TITANS RETURN [L],12.5
蛇神 [L],12.5
STULTI [A],12.5
Thor's Hammer [A],12.5
お米の美味しい炊き方、そしてお米を食べることによるその効果。 [L],12.5
ra'am [A],12.5
VOX UP [A],12.5
煉獄のエルフェリア [A],12.5
Ancient Scapes [L],12.5
HYENA [L],12.5
Flashes [A],12.5
Reflux [A],12.5
少年は空を辿る [A],12.5
表裏一体！？怪盗いいんちょの悩み♥ [L],12.5
DIAMOND CROSSING [A],12.5
Grand Chariot [A],12.5
NZM [A],12.5
X [A],12.5
灼熱 Pt.2 Long Train Running [A],12.5
駅猫のワルツ [A],12.5
Violet Pulse [L],12.5
Welcome [L],12.5
紫陽花 -AZISAI- [L],12.5
ECHIDNA [A],12.5
GuNGNiR [A],12.5
焔極OVERKILL [A],12.5
SAMURAI-Scramble [L],12.5
REVOLVER [L],12.5
Dr.Chemical & Killing Machine [A],12.5
Necroxis Girl [A],12.5
The Rebellion of Sequencer [A],12.5
CODE:Ø [L],12.5
Everlasting Message [A],12.5
Inferno of Fomalhaut [A],12.5
Smashing Wedge [A],12.5
THE F∀UST [A],12.5
魅惑のYUMMYスイーツ [A],12.5
-65℃ [A],12.5
∀ [A],12.5
MEGAERA [A],12.5
二人ノ廃城幽踊宴 [A],12.5
伐折羅-vajra- [A],12.5
閠槞彁の願い [A],12.5
Arkadia [A],12.5
hard-wired [A],12.5
RAGE feat.H14 of LEONAIR [A],12.5
WHA [A],12.5
Bad Encryption [A],12.5
suspicions [A],12.5
栄冠のカンパネラ [A],12.5
Ambivalent Vermilia [A],12.5
CADENZA [A],12.5
Demon March [A],12.5
Level 5 [A],12.5
Vulnerability [A],12.5
Cross Fire [A],12.5
God Mind [A],12.5
uən [A],12.5
Without Heaven [A],12.5
アラビアン ハイパー ナイト [A],12.5
スキッテイエェエエェ!!!! [A],12.5
天使のカンタータ -Cantata of Angels- [A],12.5
⁽⁽ଘ( ˙꒳˙ )ଓ⁾⁾ beyond reason [A],12.5
quasar [A],12.6
"ピアノ協奏曲第1番""蠍火"" [A]",12.6
CONTRACT [L],12.6
TRANOID [L],12.6
VANESSA [L],12.6
MENDES [A],12.6
PARANOiA ～HADES～ [A],12.6
"Anisakis -somatic mutation type ""Forza""- [L]",12.6
four pieces of heaven [L],12.6
卑弥呼 [A],12.6
Bad Maniacs [A],12.6
SOLID STATE SQUAD [L],12.6
PARADISE LOST [A],12.6
天空の夜明け [A],12.6
Confiserie [A],12.6
Elemental Creation [A],12.6
Saturn [L],12.6
IX [A],12.6
Sigmund [A],12.6
Elektrick U-Phoria [L],12.6
Verflucht [L],12.6
疾風迅雷 [L],12.6
共鳴遊戯の華 [A],12.6
#The_Relentless [L],12.6
EBONY & IVORY [L],12.6
千年ノ理 [L],12.6
GOBBLE [H],12.6
CODE:1 [revision 1.0.1] [A],12.6
SEQUENCE CAT [A],12.6
EMERALDAS [A],12.6
HYPE THE CORE [A],12.6
Initiation [A],12.6
Carmina [A],12.6
Χ-DEN [A],12.6
"ピアノ協奏曲第1番""蠍火"" (BlackY Remix) [A]",12.6
LIGHTNING STRIKES [L],12.6
Lost Souls [L],12.6
Override [L],12.6
Sinus Iridum [A],12.6
ディスコルディア [A],12.6
Binary Black Hole [A],12.6
SOLID WYVERN [L],12.6
Beyond Evolution [A],12.6
Xerulean [A],12.6
惑星鉄道 [A],12.6
Skratch Education Lv-1 [A],12.6
Uaigh Gealaí [A],12.6
XHRONOXAPSULΞ [A],12.6
Memoria Obscura [A],12.6
ιgniЯRuina [A],12.6
Lisa-RICCIA [L],12.6
NEMESIS [A],12.7
KAMAITACHI [L],12.7
ICARUS [L],12.7
STEEL NEEDLE [L],12.7
Almagest [A],12.7
quell～the seventh slave～ [A],12.7
perditus†paradisus [A],12.7
Dances with Snow Fairies [L],12.7
QUANTUM TELEPORTATION [A],12.7
Phoenix [L],12.7
The Limbo [L],12.7
聖人の塔 [L],12.7
†渚の小悪魔ラヴリィ～レイディオ† (IIDX EDIT) [A],12.7
Illegal Function Call [L],12.7
KAISER PHOENIX [L],12.7
Sigmund [L],12.7
Chrono Diver -PENDULUMs- [A],12.7
CHRONO DIVER -NORNIR- [L],12.7
超青少年ノ為ノ超多幸ナ超古典的超舞曲 [L],12.7
Mare Nectaris [A],12.7
BroGamer [L],12.7
GuNGNiR [L],12.7
DEATH†ZIGOQ〜怒りの高速爆走野郎〜 [L],12.7
EROICA [A],12.7
n/a [A],12.7
"ピアノ独奏無言歌 ""灰燼"" [A]",12.7
Somnidiscotheque [A],12.7
SµG@R RU$# [A],12.7
