SONGNAME,DIFF,Notion_Page_ID
Scripted Connection⇒ A mix,LEGGENDARIA,3a261b60-123e-8128-94bb-c6b5ccdf1527
かわいいだけじゃだめですか？,LEGGENDARIA,3a261b60-123e-8147-a32d-fd28c38e3564
Plazma,LEGGENDARIA,3a261b60-123e-8103-8af2-c244cc3a663f
INHERITANCE,LEGGENDARIA,3a261b60-123e-81e9-91c3-e6fc13e47b42
フォニイ,LEGGENDARIA,3a261b60-123e-81ed-817c-dea9037eb205
寝起きヤシの木,LEGGENDARIA,3a261b60-123e-818b-b4b9-d0a256f85f57
Submerge Serenade,LEGGENDARIA,3a261b60-123e-8159-97e2-d8f55cb70d65
Caldwell 99,LEGGENDARIA,3a261b60-123e-818d-8000-c3dc926319a5
KING,LEGGENDARIA,3a261b60-123e-8197-85a9-c40de68546fe
神っぽいな,LEGGENDARIA,3a261b60-123e-8176-8412-f828c4323bf1
ちょえちょえまぎか,LEGGENDARIA,3a261b60-123e-8126-8e3b-cf7c789605c9
≡＋≡,LEGGENDARIA,3a261b60-123e-81fb-abc0-dbd8edbd265d
CUE CUE RESCUE,LEGGENDARIA,3a261b60-123e-81bc-916e-c8a610077082
グッバイ宣言,LEGGENDARIA,3a261b60-123e-816e-a3ce-d8a99f251d9e
ミュージック・アワー,LEGGENDARIA,3a261b60-123e-8183-8e02-e0a07807c0f9
ハイテックトキオ,LEGGENDARIA,3a261b60-123e-810e-a4ab-cd0d3c06c179
SOLID WYVERN,LEGGENDARIA,3a261b60-123e-8148-b8f4-e848acd84e1c
Burning Flame,LEGGENDARIA,3a261b60-123e-81c7-8a69-f486626e6ddb
新宝島,LEGGENDARIA,3a261b60-123e-8175-880a-eea9b80bbaea
POLꓘAMAИIA,LEGGENDARIA,3a261b60-123e-8132-a352-c5ff044fac14
Ypsilon,LEGGENDARIA,3a261b60-123e-8141-8c91-e0bf2c74cdb3
If,LEGGENDARIA,3a261b60-123e-81c8-8329-f6e4117128e6
Lost Souls,LEGGENDARIA,3a261b60-123e-810a-aa7f-d6c1e57306b3
Bow shock!!,LEGGENDARIA,3a261b60-123e-81be-8980-d84bf9a42758
Override,LEGGENDARIA,3a261b60-123e-8118-a4b8-e8f9929f1bb1
Like+it!,LEGGENDARIA,3a261b60-123e-8117-b8f0-e2c2e553f851
27th style,LEGGENDARIA,3a261b60-123e-81c4-9a37-e7ba3a879f67
セピアの軌跡 ft. 天宮みや(少女フラクタル),LEGGENDARIA,3a261b60-123e-8137-bb1f-e7be43a18665
CODE:Ø,LEGGENDARIA,3a261b60-123e-816e-80c2-dca6a7ef83fe
龍王の霊廟(Mausoleum Of The Primal Dragon),LEGGENDARIA,3a261b60-123e-818b-88bf-c577b3728eda
Urban Constellations,LEGGENDARIA,3a261b60-123e-813e-b464-ead714e08d51
Ember Lights,LEGGENDARIA,3a261b60-123e-8160-8992-d90670daf1cb
CoMAAAAAAA,LEGGENDARIA,3a261b60-123e-81a5-9fde-d87153fa51c8
REVOLVER,LEGGENDARIA,3a261b60-123e-81ce-8c18-fd6a37392893
THE CANNONBALLER,LEGGENDARIA,3a261b60-123e-81d0-ae54-fa79099729b6
O/D*20,LEGGENDARIA,3a261b60-123e-81b9-9d0e-dd7fc32f7918
Nothing but Theory,LEGGENDARIA,3a261b60-123e-814c-bb8f-c3db7d57f966
ChaserXX,LEGGENDARIA,3a261b60-123e-8181-9528-e1a3fbb793ae
BroGamer,LEGGENDARIA,3a261b60-123e-81b5-8f4e-f724bf3bf406
Beat Juggling Mix,LEGGENDARIA,3a261b60-123e-8121-a179-e1d27659fa6f
SAMURAI-Scramble,LEGGENDARIA,3a261b60-123e-8182-b22e-d6e3a170f6f9
Umbral,LEGGENDARIA,3a261b60-123e-81ff-acd1-c580dcbe875c
Amazing Mirage,LEGGENDARIA,3a261b60-123e-8192-badd-efe430390bc8
ZEPHYRANTHES,LEGGENDARIA,3a261b60-123e-8172-a2bd-c46e6dd5ac86
SEITEN NO TERIYAKI,LEGGENDARIA,3a261b60-123e-8195-8cde-c866b5f35ad8
Super Duper Racers,LEGGENDARIA,3a261b60-123e-8111-b7a2-ca1b7c9f10c5
Violet Pulse,LEGGENDARIA,3a261b60-123e-8143-aff9-fcce7ebe40ed
STARLIGHT DANCEHALL,LEGGENDARIA,3a261b60-123e-81ba-a19f-cce40d99913d
Cosmic Cat,LEGGENDARIA,3a261b60-123e-8159-8ddf-f6cc09fb8298
CHRONO DIVER -NORNIR-,LEGGENDARIA,3a261b60-123e-81c4-b6ec-e45e67cc4cb0
#The_Relentless,LEGGENDARIA,3a261b60-123e-816a-ab76-fd7e436a1e84
超青少年ノ為ノ超多幸ナ超古典的超舞曲,LEGGENDARIA,3a261b60-123e-810a-8da9-c7f30e63297e
Beat Radiance,LEGGENDARIA,3a261b60-123e-8141-b739-cce3fd704ccf
M.D.Injection,LEGGENDARIA,3a261b60-123e-8197-a557-c463f8745a5e
ÆTHER,LEGGENDARIA,3a261b60-123e-81bf-ba6c-c5b4ee322e2a
HYENA,LEGGENDARIA,3a261b60-123e-81ae-bd98-e1081e6529a2
廿,LEGGENDARIA,3a261b60-123e-8174-b97f-d061611ffeec
Miracle 5ympho X,LEGGENDARIA,3a261b60-123e-8128-b08b-ecd2ca4acb6e
MAD ATTACK,LEGGENDARIA,3a261b60-123e-81ca-8a40-e32d5da24826
Elektrick U-Phoria,LEGGENDARIA,3a261b60-123e-8193-8ce6-e046c7591674
ALBA-黎明-,LEGGENDARIA,3a261b60-123e-81ad-87c7-d1c971830ebf
お米の美味しい炊き方、そしてお米を食べることによるその効果。,LEGGENDARIA,3a261b60-123e-818b-9b7d-e8ece064c12d
カジノファイヤーことみちゃん,LEGGENDARIA,3a261b60-123e-8162-97c1-e64d01cc0316
龍と少女とデコヒーレンス,LEGGENDARIA,3a261b60-123e-81fd-a45e-eec2abd277b5
仮想空間の旅人たち,LEGGENDARIA,3a261b60-123e-8184-b804-c84cfda496e2
ZED,LEGGENDARIA,3a261b60-123e-810d-8838-ceb9e8f4deda
Illegal Function Call,LEGGENDARIA,3a261b60-123e-8199-9970-fef8d6ca173a
TITANS RETURN,LEGGENDARIA,3a261b60-123e-8175-818d-cda8384d8c05
yellow head joe,LEGGENDARIA,3a261b60-123e-8171-a38b-f7a4a471b8b4
QUANTUM TELEPORTATION,LEGGENDARIA,3a261b60-123e-81b8-b6ef-d3cb13dfb980
ユミル,LEGGENDARIA,3a261b60-123e-813a-a302-d3b1835f27c7
君のハートにロックオン,LEGGENDARIA,3a261b60-123e-8156-9763-e391a3665ce4
蛇神,LEGGENDARIA,3a261b60-123e-81c1-985a-e3ec129a034a
Phoenix,LEGGENDARIA,3a261b60-123e-8178-a452-cadbc61fefaf
A MINSTREL 〜 ver.short-scape 〜,LEGGENDARIA,3a261b60-123e-8116-b09e-d4022d5521b0
THE BLACK KNIGHT,LEGGENDARIA,3a261b60-123e-819a-9ef1-e246332e3abd
AIR RAID FROM THA UNDAGROUND,LEGGENDARIA,3a261b60-123e-811b-9e3f-d4d7e6b3b58e
thunder HOUSE NATION Remix,LEGGENDARIA,3a261b60-123e-81c9-832f-c13d4461e9ed
THANK YOU FOR PLAYING,LEGGENDARIA,3a261b60-123e-8144-8680-f49b3c78be64
Secrets,LEGGENDARIA,3a261b60-123e-8190-bb38-c1d98fb9c4fb
Marie Antoinette,LEGGENDARIA,3a261b60-123e-818a-8380-e70841fbbe8d
Kung-fu Empire,LEGGENDARIA,3a261b60-123e-816f-8a92-ee3ec53a51f3
CaptivAte2〜覚醒〜,LEGGENDARIA,3a261b60-123e-81dd-b84d-f4a780f4642d
B4U(BEMANI FOR YOU MIX),LEGGENDARIA,3a261b60-123e-81ab-b3f7-fc06763d4b22
Arabian Rave Night,LEGGENDARIA,3a261b60-123e-8157-9907-ede6b90c3cd6
ALL MY TURN-このターンに、オレの全てを賭ける-,LEGGENDARIA,3a261b60-123e-81e0-954c-dc074762a59a
華爛漫-Flowers-,LEGGENDARIA,3a261b60-123e-81b0-842c-e3b05c23b2ee
ミラージュ･レジデンス,LEGGENDARIA,3a261b60-123e-81b2-a2fa-c8f57bb7fd10
Time to Air,LEGGENDARIA,3a261b60-123e-81ed-98d8-d1f438b5595b
THE DEEP STRIKER,LEGGENDARIA,3a261b60-123e-8168-8b46-c9038c21d657
STEEL NEEDLE,LEGGENDARIA,3a261b60-123e-8175-84af-fa373cd910cb
NEW GENERATION-もう、お前しか見えない-,LEGGENDARIA,3a261b60-123e-81f7-86d6-dfc6ea94da73
MENTAL MELTDOWN,LEGGENDARIA,3a261b60-123e-8162-8652-ee916a34568c
four pieces of heaven,LEGGENDARIA,3a261b60-123e-81a7-ab38-c3e3d460e5ef
Do it!! Do it!!,LEGGENDARIA,3a261b60-123e-81d9-a1d3-cc6fd0aeaf6f
Blue Rain,LEGGENDARIA,3a261b60-123e-814a-8325-c57b548f4c92
"Anisakis-somatic mutation type ""Forza""-",LEGGENDARIA,3a261b60-123e-817e-9a50-d70a8f936ce7
Übertreffen,LEGGENDARIA,3a261b60-123e-81d5-b1b9-f83fd638d984
GRID KNIGHT,LEGGENDARIA,3a261b60-123e-8178-8d5a-c8702c038b9b
TRANOID,LEGGENDARIA,3a261b60-123e-81a4-a434-caec19f42acc
snow storm,LEGGENDARIA,3a261b60-123e-8176-9277-c033bb6c54c7
KAMAITACHI,LEGGENDARIA,3a261b60-123e-8156-9dce-ea18e446cc58
華蝶風雪,LEGGENDARIA,3a261b60-123e-8141-92bb-d0ecd06e9e81
waxing and wanding,LEGGENDARIA,3a261b60-123e-81b3-8852-e4c0f5c1cc4b
Ganymede,LEGGENDARIA,3a261b60-123e-819e-ba4d-fdcdc63fc332
CONTRACT,LEGGENDARIA,3a261b60-123e-81fc-aad4-e5b96de47ad2
Twelfth Style,LEGGENDARIA,3a261b60-123e-81c6-b6de-d9d2413608b4
Little Little Princess,LEGGENDARIA,3a261b60-123e-8109-be88-e07202a83fe5
INAZUMA,LEGGENDARIA,3a261b60-123e-81fb-ab36-dafa67ec4c85
garden,LEGGENDARIA,3a261b60-123e-815c-a8ee-ca40bea89201
CaptivAte〜浄化〜,LEGGENDARIA,3a261b60-123e-814a-9d73-c03582c5945b
spiral galaxy,LEGGENDARIA,3a261b60-123e-81eb-af61-c6b08560b4c4
RED ZONE,LEGGENDARIA,3a261b60-123e-819c-946e-ebed701f7b5d
Be quiet,LEGGENDARIA,3a261b60-123e-811e-87fc-cfe4585bb8b2
Rise'n Beauty,LEGGENDARIA,3a261b60-123e-8169-90f0-c5fef4452eb1
G2,LEGGENDARIA,3a261b60-123e-81ee-9cea-fb83218f97b3
concon,LEGGENDARIA,3a261b60-123e-81e2-9dc0-d5b972f4528e
Welcome,LEGGENDARIA,3a261b60-123e-8151-a1ff-c1c06de05a04
Saturn,LEGGENDARIA,3a261b60-123e-8172-a18c-e469bc8b9928
GUILTY,LEGGENDARIA,3a261b60-123e-812f-80de-fd2e89ddd5ad
Lisa-RICCIA,ANOTHER,3a161b60-123e-8186-b9ea-e26cbb2a146a
烽火連天の刃,ANOTHER,3a161b60-123e-8182-a567-dd927f15d66e
LIGHTNING STRIKES,ANOTHER,3a161b60-123e-8113-828f-c88e6dc3f889
お菓子の王国,ANOTHER,3a161b60-123e-8148-a2d9-f7dacfd92a82
GENE,ANOTHER,3a161b60-123e-81cb-ba59-f29c3a144e69
東京神話,ANOTHER,3a161b60-123e-81f3-9a91-e9ce25b82d39
DEATH†ZIGOQ〜怒りの高速爆走野郎〜,ANOTHER,3a161b60-123e-8198-92ac-dc8825a622e5
GuNGNiR,ANOTHER,3a161b60-123e-81e7-a242-f35c0e37ae5e
紫陽花 -AZISAI-,ANOTHER,3a161b60-123e-8172-ae83-f71df0defd33
Reflux,ANOTHER,3a161b60-123e-81c7-9e31-d569d8e91875
EBONY & IVORY,ANOTHER,3a161b60-123e-8100-9495-c4e8bc898907
千年ノ理,ANOTHER,3a161b60-123e-81e0-90a0-fd7ac0c4aef7
Flashes,ANOTHER,3a161b60-123e-81d3-8922-ca263306ba58
表裏一体!?怪盗いいんちょの悩み♥,ANOTHER,3a161b60-123e-81a7-acca-d855ec7f608e
海神,ANOTHER,3a161b60-123e-8192-a315-cdfb851c98fd
KAISER PHOENIX,ANOTHER,3a161b60-123e-8185-aced-d47c0a63ebe6
Verflucht,ANOTHER,3a161b60-123e-8157-b2e5-d417bd60c2bf
疾風迅雷,ANOTHER,3a161b60-123e-814c-bcbe-eca77ded181f
Feel The Beat,ANOTHER,3a161b60-123e-81cb-8e01-e083f353f891
invoker,ANOTHER,3a161b60-123e-812b-bd6f-fcabda8ce064
Ancient Scapes,ANOTHER,3a161b60-123e-8154-a2a9-ca816a1c47da
Sigmund,ANOTHER,3a161b60-123e-8109-a192-cd6fddad5313
Close the World feat.a☆ru,ANOTHER,3a161b60-123e-81af-95f3-c18786ac39f2
ΕΛΠΙΣ,ANOTHER,3a161b60-123e-81a5-827e-c20865120970
The Limbo,ANOTHER,3a161b60-123e-81ea-8920-cb824a56ef3c
聖人の塔,ANOTHER,3a161b60-123e-8152-b324-cd13b245df0c
恋する☆宇宙戦争っ!!,ANOTHER,3a161b60-123e-81a1-9282-cacc5e6387fa
Dances with Snow Fairies,ANOTHER,3a161b60-123e-814c-a4d9-e4deb2fd27e8
SOLID STATE SQUAD,LEGGENDARIA,3a161b60-123e-81d0-b5f0-c38795de12d2
卑弥呼,ANOTHER,3a161b60-123e-81ff-af9c-cca30e7894a2
TROOPERS,ANOTHER,3a161b60-123e-813e-8299-ef623e5030ee
MENDES,ANOTHER,3a161b60-123e-81df-932c-cc10213d3452
ICARUS,ANOTHER,3a161b60-123e-813d-9a37-c69ca77a3301
VANESSA,ANOTHER,3a161b60-123e-8112-b20d-ef20a5882c54
Scripted Connection⇒ A mix,ANOTHER,3a161b60-123e-81e3-a128-d766e4e02eef
Dolphin Kick,ANOTHER,3a161b60-123e-81d5-912c-eb528650b849
Limelight,ANOTHER,3a161b60-123e-8128-9ba9-c33fbba31e44
Smintheus,ANOTHER,3a161b60-123e-816d-87c9-e1c74ba5fccf
Any%,ANOTHER,3a161b60-123e-81ff-a9ef-e33e3e8af2b4
断罪のミメシス,ANOTHER,3a161b60-123e-81d2-9085-e5d66b8f2b70
Gimme a Big Beat(青龍 Remix),ANOTHER,3a161b60-123e-81c3-b2e2-e47e5d53d84a
THUNDERSTRIKE,ANOTHER,3a161b60-123e-8102-9db0-efdf4c2d83bc
Mighty Beat Monsterz,ANOTHER,3a161b60-123e-8107-af74-c481ee93a226
OMEGA,ANOTHER,3a161b60-123e-8119-8fd0-e5055caa2044
Dusk Endir,ANOTHER,3a161b60-123e-81c9-9316-c507809cd950
BitRacer,ANOTHER,3a161b60-123e-8181-af32-c0f7b74e40b8
RUINA,ANOTHER,3a161b60-123e-81d6-9c83-f3df3e33f289
ラブコメトキドキシリアス,ANOTHER,3a161b60-123e-8132-a525-e811db7e5ef9
ベンガル vs. アムール Battle,ANOTHER,3a161b60-123e-8197-bb47-dcec42e71fab
HEROES,ANOTHER,3a161b60-123e-815a-b8b1-d314f85f2ab0
Amor∞Fati,ANOTHER,3a161b60-123e-81b4-af2d-fd6cff420f5a
PERFECT GREAT!!,ANOTHER,3a161b60-123e-81d3-b61c-c44682988923
UNDO THE NIGHT,ANOTHER,3a161b60-123e-814b-98c8-c87ce310ea93
fixer,ANOTHER,3a161b60-123e-8150-bd55-d73ac3cc129a
HyperTwist,ANOTHER,3a161b60-123e-8151-ae25-deab1d95003d
色を喪った街,ANOTHER,3a161b60-123e-81d9-a0b7-efe735a73209
FiZZλ_PØT!OИ,ANOTHER,3a161b60-123e-8137-929b-e1930e2112af
クレッシェンド,ANOTHER,3a161b60-123e-8111-998a-d3aec5e654c8
RIZING-GAMERS.,ANOTHER,3a161b60-123e-8149-b8f5-d55ee9c761ea
King of Tribe,ANOTHER,3a161b60-123e-8146-8646-c105d03d35a6
Astra Blaze,ANOTHER,3a161b60-123e-812a-a12d-f6d0ef3e4075
Lisa-RICCIA,LEGGENDARIA,3a161b60-123e-812c-a5d1-f475dcd85d66
⁽⁽ଘ( ˙꒳˙ )ଓ⁾⁾ beyond reason,ANOTHER,3a161b60-123e-818d-8cfb-f6555c21c0fa
Begin,ANOTHER,3a161b60-123e-81a5-ae18-e801c8d71985
chaplet -IIDX re:build-,ANOTHER,3a161b60-123e-8127-829f-c5487acb2afd
ビビッド ☆＋＊。キラキライム,ANOTHER,3a161b60-123e-8142-a360-c4b21fd8c003
ιgniЯRuina,ANOTHER,3a161b60-123e-814a-9e9a-cd04d3d5adef
2 Be Continued,ANOTHER,3a161b60-123e-8190-ae98-c8d740a51bca
Space Battleship S4TØ,ANOTHER,3a161b60-123e-814f-8e02-cc04c84405b2
Regina vespaE,ANOTHER,3a161b60-123e-812b-a63a-fc1ddfa46180
RALLY '25,ANOTHER,3a161b60-123e-8120-a67e-f876e93afe35
Memoria Obscura,ANOTHER,3a161b60-123e-8115-950c-cf554af1d5f1
Makin' It,ANOTHER,3a161b60-123e-8156-a564-d08908f98384
From Human Blood,ANOTHER,3a161b60-123e-8167-915f-e2c5eb41f33f
Disco Killer Music Lover,ANOTHER,3a161b60-123e-81be-90b7-f9929130202c
Pinky Happy Crazy,ANOTHER,3a161b60-123e-81d5-a559-d7d4c7580ed3
Flämingo,ANOTHER,3a161b60-123e-8146-8e03-d2dad7a8da6c
EYE OF THE HEAVEN,ANOTHER,3a161b60-123e-8146-b8e0-e669b6c2ed11
SISYPHUS,ANOTHER,3a161b60-123e-81e8-9ed2-eec537505dda
XHRONOXAPSULΞ,ANOTHER,3a161b60-123e-81a6-8957-caf2a16d0d8b
Uaigh Gealaí,ANOTHER,3a161b60-123e-8181-891a-efbf4fc5bf67
アラビアン ハイパー ナイト,ANOTHER,3a161b60-123e-8108-9ed1-fcbacd27e05e
Skratch Education Lv-1,ANOTHER,3a161b60-123e-8185-a4b1-f3d08affeb26
Aqvion,ANOTHER,3a161b60-123e-813d-ba6e-c0148c5f888d
スキッテイエェエエェ!!!!,ANOTHER,3a161b60-123e-81a9-88c5-c6827eef2efd
MARLIN,ANOTHER,3a161b60-123e-81d7-8edc-f193d4a93297
SμG@R RU$#,ANOTHER,3a161b60-123e-81a8-b46b-fc06e9a7625e
God Mind,ANOTHER,3a161b60-123e-8127-ab35-fbc94c94ea53
Without Heaven,ANOTHER,3a161b60-123e-815f-9f5e-c2b201c0a7e6
hora de verdad,ANOTHER,3a161b60-123e-817f-9f9f-fdb5a73cd1c1
FlyAway,ANOTHER,3a161b60-123e-8142-b9a2-ea21bfdd28fb
天使のカンタータ -Cantata of Angels-,ANOTHER,3a161b60-123e-8128-b0d6-dba486353751
Mid-Corner (Magic Maker),ANOTHER,3a161b60-123e-8172-b44b-e7f17a73cb3e
Roar of Chronos,ANOTHER,3a161b60-123e-81a1-b701-eb09eae2d253
DIVINE JUDGEMENT,ANOTHER,3a161b60-123e-8198-9a61-e9fa4df55336
EX-MASSIVE FIGHTER,ANOTHER,3a161b60-123e-8182-b0dd-c800166e6381
COSMIC V3LOCITY,ANOTHER,3a161b60-123e-81d4-93eb-d04ffeb2e1fe
Lightspeed,ANOTHER,3a161b60-123e-81af-9af7-c287a70f9056
スパークリング☆彡ハイパーチューン！！,ANOTHER,3a161b60-123e-81c9-aca6-f262bcba941f
灼熱 Lost Summer Dayz,ANOTHER,3a161b60-123e-814e-9a5e-cf9d74d93734
u gotta beat,ANOTHER,3a161b60-123e-8183-92ca-c5c59ce80e72
Satellite Burst,ANOTHER,3a161b60-123e-818b-b46e-f91b3d5071fe
NOIXIA,ANOTHER,3a161b60-123e-81f1-a0e0-d1235b2b1489
Here We Go Now,ANOTHER,3a161b60-123e-81e7-9888-f729f60901ea
Drop Syndicate,ANOTHER,3a161b60-123e-816c-aac7-c67bfb362e5c
destination,ANOTHER,3a161b60-123e-817a-993b-c94afaf5de0b
Bring The Fire,ANOTHER,3a161b60-123e-81dd-9446-d62a7de6ce53
Resonant,ANOTHER,3a161b60-123e-8109-b05b-fcbd7dcedaac
Cult Invitation,ANOTHER,3a161b60-123e-81b0-87a0-cb9c841e9f6f
残像ニ繋ガレタ追憶ノHIDEAWAY,ANOTHER,3a161b60-123e-8145-b2f1-daffcd6a005c
The Onlyonez,ANOTHER,3a161b60-123e-810c-b0f4-f7069c3567f7
Seven Times Four,ANOTHER,3a161b60-123e-8135-b05c-fa46c6e3ab98
Vulnerability,ANOTHER,3a161b60-123e-81c0-b6ab-deff3732b55f
今宵、ロマンス横丁。,ANOTHER,3a161b60-123e-8167-8201-d1cf3f078c80
Level 5,ANOTHER,3a161b60-123e-8138-8d34-ef7f620371ce
The Last Apocalypse,ANOTHER,3a161b60-123e-81a4-ba8b-f2f325cd9859
電腦都市,ANOTHER,3a161b60-123e-81b9-8d4e-cc9da40a4531
ACTØ,ANOTHER,3a161b60-123e-8196-a112-c52d76811700
惑星鉄道,ANOTHER,3a161b60-123e-8137-bd15-d60961334dd9
Demon March,ANOTHER,3a161b60-123e-813b-8387-c22700003b24
Stereo Beasts,ANOTHER,3a161b60-123e-8122-8c9d-d1744a948287
CADENZA,ANOTHER,3a161b60-123e-819c-a5da-c9e702620323
Million Dollar,ANOTHER,3a161b60-123e-81cf-ab7b-f7c4ecde9347
Sword of Vengeance,ANOTHER,3a161b60-123e-819f-89d0-dee3af257011
Ambivalent Vermilia,ANOTHER,3a161b60-123e-8114-aec0-eaffaf37531c
Xb10r,ANOTHER,3a161b60-123e-815a-a58f-f99d43968899
Glitch N Ride,ANOTHER,3a161b60-123e-81a2-9cf2-cff54bedb3d4
MAXIMUM CHEAT GIRL,ANOTHER,3a161b60-123e-810b-b432-ce02eb9fbcad
Vermilion Carol,ANOTHER,3a161b60-123e-81f4-9aea-f23271767d0e
Out of Control,ANOTHER,3a161b60-123e-81d3-a59b-d3dc31d42402
"灼熱Beach Side Bunny(かめりあ's ""Summertime D'n'B"" Remix)",ANOTHER,3a161b60-123e-8171-9cf8-c55552954a07
終焔のClaudia,ANOTHER,3a161b60-123e-8178-b9cc-ed0acde1d829
Sirius,ANOTHER,3a161b60-123e-8111-a187-cf6bf6cf1e13
電光,ANOTHER,3a161b60-123e-81b3-a839-ca3de7b9d926
《PL|RAYER》,ANOTHER,3a161b60-123e-817b-aa78-e8a4c2bae9c8
摩天楼,ANOTHER,3a161b60-123e-81da-b650-c22ae05c205e
SOLAR ECLIPSE,ANOTHER,3a161b60-123e-814c-88ba-ec33caaaa079
JUSTICE/GUILTY feat. Nana Takahashi & 709sec.,ANOTHER,3a161b60-123e-8197-9a0f-c66248f27d53
Ghost Pulse,ANOTHER,3a161b60-123e-81ee-ac27-f7752f868547
GAME ON,ANOTHER,3a161b60-123e-8120-b4b8-c963fd452a52
frequent,ANOTHER,3a161b60-123e-81bd-bedb-e306abac46ca
Dahlia,ANOTHER,3a161b60-123e-811b-b04f-c8505eb6e1b6
VØID,ANOTHER,3a161b60-123e-815f-b755-db80270dcfc7
Always We Trust In You,ANOTHER,3a161b60-123e-81e9-9a5f-f97a8a86c075
#CMFLG,ANOTHER,3a161b60-123e-818b-8621-e872f8436615
suspicions,ANOTHER,3a161b60-123e-817d-bc1a-e08fa85c6487
MAX 360,ANOTHER,3a161b60-123e-814a-9d25-da480dd9dc16
Xerulean,ANOTHER,3a161b60-123e-81c1-861f-f18c6d941045
ぞうしょく！？マイデンティティ,ANOTHER,3a161b60-123e-81d4-927c-df4a88f6e511
神のシナリオ,ANOTHER,3a161b60-123e-81f1-8ca3-e5c8c66a1c28
Somnidiscotheque,ANOTHER,3a161b60-123e-81a0-9988-f2dc6c73a90b
BIGWAVERS,ANOTHER,3a161b60-123e-8166-bb3a-c58ae4ff3380
栄冠のカンパネラ,ANOTHER,3a161b60-123e-8116-a732-ee5b665e06d3
Chaotoxin,ANOTHER,3a161b60-123e-8133-bf39-ee00243d6aa2
glacia,ANOTHER,3a161b60-123e-8175-be37-caabbf5af95b
dica dica,ANOTHER,3a161b60-123e-81fe-8605-f1159ba32710
Beyond Evolution,ANOTHER,3a161b60-123e-81be-8389-d19cb8bf3d48
kors k's How to make OTOGE CORE 「LONG」,ANOTHER,3a161b60-123e-8182-8393-f90780a79414
恋愛=精度×認識力,ANOTHER,3a161b60-123e-814f-af9e-fb74a858e4f6
The Clown of 24stairs,ANOTHER,3a161b60-123e-817b-8506-df3463f72d54
Level 4,ANOTHER,3a161b60-123e-81b1-89d2-fea99a5671f0
Super Freak,ANOTHER,3a161b60-123e-8178-b90a-edae92a7ed40
ONE AND ONLY,ANOTHER,3a161b60-123e-8140-a252-dbccf6f7c894
LOUDER ROLLING THUNDER,ANOTHER,3a161b60-123e-813d-8175-f89b949343ad
Peaktime Booster,ANOTHER,3a161b60-123e-8130-bf53-ccba0cfa39ab
Ōu Legends,ANOTHER,3a161b60-123e-81fc-8e9e-e4ad515e9cd2
Hat Surprise (Season 2),ANOTHER,3a161b60-123e-8186-a96c-f4264502a4ee
VOLAQUAS,ANOTHER,3a161b60-123e-8121-8ab2-dc7f012fd4fe
[ ]DENTITY,ANOTHER,3a161b60-123e-81ce-b8f1-c1ebdf614e6f
I,ANOTHER,3a161b60-123e-81bf-833d-e7accc9e9e40
RINИE,ANOTHER,3a161b60-123e-812e-af50-cf55c0842284
儚キ戀ノ幻想譚,ANOTHER,3a161b60-123e-8113-9b43-e25dbd6bf7f2
TECHNOPHOBIA,ANOTHER,3a161b60-123e-81a9-8fac-eff83e9f8134
No Border,ANOTHER,3a161b60-123e-81a3-a2d6-e5de2a83a555
Meissa,ANOTHER,3a161b60-123e-8193-af5b-c01007eba34c
Bad Encryption,ANOTHER,3a161b60-123e-81a5-ace6-c84deb3f3c55
B.O.D.Y.,ANOTHER,3a161b60-123e-8147-87c6-f844a53006e4
hard-wired,ANOTHER,3a161b60-123e-8111-b6d0-e01287d3f5bf
Arkadia,ANOTHER,3a161b60-123e-81d9-9495-ddc1e153dbc6
"ピアノ独奏無言歌 ""灰燼""",ANOTHER,3a161b60-123e-8132-aab0-cbf65574c5c3
WHA,ANOTHER,3a161b60-123e-81c7-88fe-c905bb608080
Flying Castle,ANOTHER,3a161b60-123e-8181-803d-c85b8ab1da9b
天邪鬼,ANOTHER,3a161b60-123e-8154-ad6e-fd11b7f0c067
RAGE feat.H14 of LEONAIR,ANOTHER,3a161b60-123e-81da-92a0-da1a2456df4a
Smalt #28598F,ANOTHER,3a161b60-123e-8158-9cb6-ee73cf26020c
Push on Beats!〜音ゲの国のeX-ストリーマー〜,ANOTHER,3a161b60-123e-81c3-987d-e70d2f01895d
PLASMA SOUL NIGHT feat. Nana Takahashi / 709sec.,ANOTHER,3a161b60-123e-8123-b13a-f2763030b50e
烽火連天の刃,LEGGENDARIA,3a161b60-123e-8180-ada9-fb2fa1fdd338
n/a,ANOTHER,3a161b60-123e-815f-aa70-e7908692bb3e
ABSOLUTE EVIL,ANOTHER,3a161b60-123e-81b7-af5f-c904ad31c286
2 Beasts Unchained,ANOTHER,3a161b60-123e-81c5-922d-c5a695a908d2
逆月,ANOTHER,3a161b60-123e-81d6-a901-d6099b896136
Binary Black Hole,ANOTHER,3a161b60-123e-8119-bede-e010b4024a76
Silver Bullet,ANOTHER,3a161b60-123e-812c-bb3b-d5bb9adbfd6c
Aftermath,ANOTHER,3a161b60-123e-81ff-84b0-ee76f23e494a
ALTERNATOR,ANOTHER,3a161b60-123e-81c0-807d-d40b83234c77
禊,ANOTHER,3a161b60-123e-81ab-bdc3-f18faea61c10
One for All,ANOTHER,3a161b60-123e-819d-adae-e1b12087d80a
TOMAHAWK,ANOTHER,3a161b60-123e-81aa-a276-e2030009a361
Triple Cross,ANOTHER,3a161b60-123e-8158-9b25-ed2c7800674e
Skreaming for Salvation,ANOTHER,3a161b60-123e-810b-8f34-cb89f7fdea6c
Purple Perplex,ANOTHER,3a161b60-123e-81ef-93d3-e1cee84fe942
LIVE DRIVING!! feat. 花たん,ANOTHER,3a161b60-123e-812e-8f13-c024ada4379b
GiGaGaHell,ANOTHER,3a161b60-123e-8153-bb88-f1af28d7b314
Fegrix,ANOTHER,3a161b60-123e-81e7-98a0-f3842d8dff36
Don't believe the hype,ANOTHER,3a161b60-123e-81fa-9639-daefa66c3671
Angel's Ladder,ANOTHER,3a161b60-123e-8186-95ed-ff1b0ab8bd26
DUAL STRIKER,ANOTHER,3a161b60-123e-8165-b9b1-d6ba49789f76
スーパー戦湯ババンバーン,ANOTHER,3a161b60-123e-81e8-8ef0-eb7c2c64a9d9
LOCUS OF THE TRAVEL,ANOTHER,3a161b60-123e-8175-94db-d370d3e630b5
Level 3,ANOTHER,3a161b60-123e-81f5-86bd-ff4288144117
COSMIC RAY,ANOTHER,3a161b60-123e-8145-bb11-eb85588d3b6a
Sinus Iridum,ANOTHER,3a161b60-123e-81ab-9f99-d71bbc5dacc7
Ignis†Iræ,ANOTHER,3a161b60-123e-81ad-b5e2-c302d9673eca
二人ノ廃城幽踊宴,ANOTHER,3a161b60-123e-811c-b6de-edbaee810301
伐折羅-vajra-,ANOTHER,3a161b60-123e-814d-91ea-e21b27a91fe0
Pārvatī,ANOTHER,3a161b60-123e-81a7-a9fb-e893cbbf4031
Tiempo Loco,ANOTHER,3a161b60-123e-812a-ac98-dfbaa0425a65
ディスコルディア,ANOTHER,3a161b60-123e-81ea-af73-fd3e482f8026
BLACK or WHITE?,ANOTHER,3a161b60-123e-815c-b7d4-df6c922ae138
innocent revolver,ANOTHER,3a161b60-123e-81fd-ac9a-d8ad85f46031
バッド・スイーツ、バッド・ドリーム,ANOTHER,3a161b60-123e-8181-a6cb-e1de3f93f5c3
-65℃,ANOTHER,3a161b60-123e-8151-bd9e-d467d754b58f
MEGAERA,ANOTHER,3a161b60-123e-81c8-9cd6-ce5176e85f12
SOLID STATE SQUAD -RISEN RELIC REMIX-,ANOTHER,3a161b60-123e-8161-9542-ca301728c531
ASIAN VIRTUAL REALITIES (MELTING TOGETHER IN DAZZLING DARKNESS),ANOTHER,3a161b60-123e-8183-ae27-ef3aaf7c391c
閠槞彁の願い,ANOTHER,3a161b60-123e-81ea-8577-dfebb4cebf5d
Viridian,ANOTHER,3a161b60-123e-815c-8c07-f673a00831a3
世界の果てに約束の凱歌を -ReUnion-,ANOTHER,3a161b60-123e-8134-8b8b-d8429fd3c366
THE PEERLESS UNDER HEAVEN,ANOTHER,3a161b60-123e-81a6-a326-cdedcdffa941
Fire Beat,ANOTHER,3a161b60-123e-81a8-9977-fddd1f1ede76
rommmo,ANOTHER,3a161b60-123e-8173-9a34-f88206406d24
Empire of Fury,ANOTHER,3a161b60-123e-81f9-9b3b-e500d4544f93
BIGソムタム,ANOTHER,3a161b60-123e-8198-b4b3-efbf293c5f32
∀,ANOTHER,3a161b60-123e-8194-9a95-c4379af2ac8c
水鏡の異界,ANOTHER,3a161b60-123e-81fb-9ed3-d90b8ff09bcd
魔法のかくれんぼ,ANOTHER,3a161b60-123e-8130-aea7-f0939e56da1b
Vitrum,ANOTHER,3a161b60-123e-81cb-9235-e622c207c466
Dans la nuit de l'éternité,ANOTHER,3a161b60-123e-8136-a85f-e0174eec78e2
EROICA,ANOTHER,3a161b60-123e-8199-8070-de363fd7083c
Smashing Wedge,ANOTHER,3a161b60-123e-81c8-aae6-fe8c49355f48
Megalara Garuda,ANOTHER,3a161b60-123e-81bb-8b1f-de5bb4e738d0
ORCA,ANOTHER,3a161b60-123e-8190-aa69-eead746d3808
魅惑のYUMMYスイーツ,ANOTHER,3a161b60-123e-81de-b169-f95dbf2623cc
Artist,ANOTHER,3a161b60-123e-81b6-8df0-f177e1542c36
Friction[!]Function,ANOTHER,3a161b60-123e-8100-96a3-c148f28a889e
"ピアノ協奏曲第１番""蠍火"" (BlackY Remix)",ANOTHER,3a161b60-123e-8116-afbf-da00f4949da4
Everlasting Message,ANOTHER,3a161b60-123e-8191-8c55-ca08dc26444e
Vinculum stellarum,ANOTHER,3a161b60-123e-81a8-9505-c7cfffe5f910
BEAT PRISONER,ANOTHER,3a161b60-123e-816a-bea4-eae37e51eec9
Level 2,ANOTHER,3a161b60-123e-816b-a361-e62d264019e8
Double Dribble,ANOTHER,3a161b60-123e-812b-abd0-f77e0722a2a9
がっつり陰キャ!?怪盗いいんちょの億劫^^;,ANOTHER,3a161b60-123e-8172-b033-de851056b295
LASER CRUSTER (IGNITE REMIX),ANOTHER,3a161b60-123e-8179-8b27-e668bb7a5dbd
Inferno of Fomalhaut,ANOTHER,3a161b60-123e-812e-87ba-fc6b5b6998bc
Lords Of The Roundtable,ANOTHER,3a161b60-123e-8182-8a86-c7557872d139
Matt Silver,ANOTHER,3a161b60-123e-814f-b927-eb2b5d9d70ec
AKASHIC BREAK,ANOTHER,3a161b60-123e-810a-be75-c05e55358034
LIGHTNING STRIKES,LEGGENDARIA,3a161b60-123e-8121-94d8-e5f39fe9c990
SCREW // owo // SCREW,ANOTHER,3a161b60-123e-8182-80ec-e108d14e8aa6
Rave Patroller,ANOTHER,3a161b60-123e-816d-bcf2-ebbaf6e41c73
THE F∀UST,ANOTHER,3a161b60-123e-816a-af69-c359126fedef
華麗なる大犬円舞曲,ANOTHER,3a161b60-123e-81e6-9915-c9e844ea2efa
深淵に捧ぐレクイエム,ANOTHER,3a161b60-123e-8130-b4b3-fe07f8db3214
TRIUMPH,ANOTHER,3a161b60-123e-8155-a406-d214798ec9ed
THE BRAVE MUST DIE,ANOTHER,3a161b60-123e-81b0-a552-de4ee47e913e
TECHNO Style Essentials,ANOTHER,3a161b60-123e-81ba-abb9-f0f86cc22809
T-REX vs Velociraptor (In the Far east euphoria),ANOTHER,3a161b60-123e-8193-9bf0-c1c364672f14
Primitive Vibes,ANOTHER,3a161b60-123e-81ac-8f61-c7fa7878c7c4
voltississimo,ANOTHER,3a161b60-123e-8138-924b-f4475712e5b0
最小三倍完全数,ANOTHER,3a161b60-123e-81a8-ab6c-f9e688f322ed
Trill auf G,ANOTHER,3a161b60-123e-81e9-9fe8-f037467edc74
Lethal Weapon,ANOTHER,3a161b60-123e-81e5-84ec-ee4a13d3d7ba
GO OVER WITH GLARE -ROOTAGE 26-,ANOTHER,3a161b60-123e-81ad-84ff-c38a1b5d7075
お菓子の王国,LEGGENDARIA,3a161b60-123e-81da-b287-db283a37865c
Please Welcome Mr.C,ANOTHER,3a161b60-123e-817e-bb75-e0f57b92c6ed
GENE,LEGGENDARIA,3a161b60-123e-815e-8eb1-c35fb69a3d5f
Visterhv,ANOTHER,3a161b60-123e-81ba-9766-ea86e2282b01
ruin of opals,ANOTHER,3a161b60-123e-81fd-bff0-e22a41785d03
ONIGOROSHI,ANOTHER,3a161b60-123e-8153-ab6f-eacde37a1c06
HARD BRAIN,ANOTHER,3a161b60-123e-8124-8190-f96f184a77ca
Carmina,ANOTHER,3a161b60-123e-81bb-90d5-f8a2b5f07e32
Mächö Mönky,ANOTHER,3a161b60-123e-814e-8dc1-d6c618a290cb
EVANESCENT,ANOTHER,3a161b60-123e-8188-9823-d46378bc9185
Unbelief,ANOTHER,3a161b60-123e-81b3-9dfd-d0de9de33a7e
抱きしめてモナムール,ANOTHER,3a161b60-123e-8157-8bd6-c960eac005d4
Χ-DEN,ANOTHER,3a161b60-123e-817b-9446-d9dfaaf9cc7d
Carry Me Away,ANOTHER,3a161b60-123e-8117-a041-e3c17e34bcf0
Red. by Jack Trance,ANOTHER,3a161b60-123e-816b-8557-d00dd43a8d23
Painful Fate,ANOTHER,3a161b60-123e-8119-9799-d82451d52550
金野火織の金色提言,ANOTHER,3a161b60-123e-8178-9200-e4f1e73c2095
Drastic Dramatic,ANOTHER,3a161b60-123e-813b-816d-df6990d738b4
LOST TECHNOLOGIE,ANOTHER,3a161b60-123e-8114-9ab5-fbc5d727d964
KILL EACH OTHER,ANOTHER,3a161b60-123e-81f6-9476-fc714a733265
Catch Our Fire!,ANOTHER,3a161b60-123e-8152-be21-f2c7db97cfc4
Xlø,ANOTHER,3a161b60-123e-8102-a76c-d65a0ec2d479
The Rebellion of Sequencer,ANOTHER,3a161b60-123e-8155-8c3a-c9081e460491
THE DAY OF JUBILATIONS,ANOTHER,3a161b60-123e-8114-891b-f700e5796f18
Level One,ANOTHER,3a161b60-123e-81e5-a22d-d9931f0392ae
L.F.O,ANOTHER,3a161b60-123e-810b-8157-df02d93773c4
Dr. Chemical & Killing Machine,ANOTHER,3a161b60-123e-8151-8750-c425e4173baa
dAuntl3ss,ANOTHER,3a161b60-123e-81fc-8968-c838388cbc0c
ANCHOR,ANOTHER,3a161b60-123e-8162-b36c-e54157380c99
Antigravity,ANOTHER,3a161b60-123e-8153-8060-d3e37f7294f8
255,ANOTHER,3a161b60-123e-81dc-8d8d-d63e29055cf2
Initiation,ANOTHER,3a161b60-123e-8150-88aa-fe00e79c11f7
"Life Is A Game ft.DD""ナカタ""Metal",ANOTHER,3a161b60-123e-81a5-9abf-dd4713dbf059
Slipstream,ANOTHER,3a161b60-123e-81ca-a6f0-f42721346ff5
DropZ-Line-,ANOTHER,3a161b60-123e-81af-9ced-f7594c956575
EMERALDAS,ANOTHER,3a161b60-123e-8157-8f2b-d5ed30bc2422
Illusionary Waterlily,ANOTHER,3a161b60-123e-8150-b86d-f65898f40d10
シムルグの目醒め,ANOTHER,3a161b60-123e-8146-a905-e9ce25cfbdb0
Rampage,ANOTHER,3a161b60-123e-8103-ba6e-f312c6d31028
Raspberry Railgun,ANOTHER,3a161b60-123e-8115-96bc-f559cc75f0a3
NITROUS CANNON,ANOTHER,3a161b60-123e-8194-8c35-e63b8e811a18
東京神話,LEGGENDARIA,3a161b60-123e-811e-9044-eacb36457497
Boomy and The Boost,ANOTHER,3a161b60-123e-81de-be9d-d1dcdd89976d
encounter,ANOTHER,3a161b60-123e-81be-bc8c-d68c684f60e5
Papilio ulysses,ANOTHER,3a161b60-123e-8170-98ef-c6203d98dd2e
Persephone,ANOTHER,3a161b60-123e-81a5-ace2-d095127ef107
DEATH†ZIGOQ〜怒りの高速爆走野郎〜,LEGGENDARIA,3a161b60-123e-8136-b424-e345fade2f27
神謳 -RESONANCE-,ANOTHER,3a161b60-123e-8183-a348-e177f519ba9f
Xperanza,ANOTHER,3a161b60-123e-8192-a0f3-c1e20955443e
The Chase,ANOTHER,3a161b60-123e-81b7-946c-fbec2ab62f51
DEADHEAT,ANOTHER,3a161b60-123e-8167-b92d-c69603c3a0e8
Arca,ANOTHER,3a161b60-123e-8174-8d60-d49ae5177c90
AA -rebuild-,ANOTHER,3a161b60-123e-81ce-b7cd-ec31f2ba58da
刃図羅,ANOTHER,3a161b60-123e-81f6-b166-de251bde5b8f
Snakey Kung-fu,ANOTHER,3a161b60-123e-8106-bbf2-d0c963728548
Apocalypse,ANOTHER,3a161b60-123e-81cb-903c-f1e5307b876c
童話回廊,ANOTHER,3a161b60-123e-81c9-9cf3-e5206ab4dd4e
Venom,ANOTHER,3a161b60-123e-81aa-9e2a-d7afdfe85415
Mare Nectaris,ANOTHER,3a161b60-123e-8157-947f-e777c733ba76
Quakes,ANOTHER,3a161b60-123e-81a3-b604-cc64ad228aae
Summerlights(IIDX Edition),ANOTHER,3a161b60-123e-810b-b2b8-c9634f9317af
RAIN,ANOTHER,3a161b60-123e-81c1-9cbf-e9f5cc4e6d7e
Caterpillar,ANOTHER,3a161b60-123e-81be-96bb-cd569cad58d8
FUZIN RIZIN,ANOTHER,3a161b60-123e-8169-8f07-c609f5889b1f
DORNWALD 〜Junge〜,ANOTHER,3a161b60-123e-8127-8a98-e042f3dbbd23
GuNGNiR,LEGGENDARIA,3a161b60-123e-8132-970e-c3f3838114f8
ECHIDNA,ANOTHER,3a161b60-123e-8146-a436-cbbbf0e792f2
Go Ahead!!,ANOTHER,3a161b60-123e-81df-89ea-e1f608690621
〆,ANOTHER,3a161b60-123e-8114-b144-d3acd3cd1d63
Sky High,ANOTHER,3a161b60-123e-81e0-8478-fca9accacb48
イザナミノナゲキ,ANOTHER,3a161b60-123e-8172-b0fb-f1861019397a
津軽雪,ANOTHER,3a161b60-123e-8197-a0b4-f0dfe8d27f6c
Steel Edge,ANOTHER,3a161b60-123e-814c-a419-c22da36ce1b8
Rave Cannon,ANOTHER,3a161b60-123e-8171-9751-f062a2690021
焔極OVERKILL,ANOTHER,3a161b60-123e-81be-896a-c1bebb162770
九尾狐夜行,ANOTHER,3a161b60-123e-8195-9351-e068f417a662
HADES,ANOTHER,3a161b60-123e-81f9-8388-daef9a8361ad
#MAGiCVLGiRL_TRVP_B3VTZ,ANOTHER,3a161b60-123e-8127-934c-fd5faccf5adf
焱影,ANOTHER,3a161b60-123e-81e2-8a3d-cd9c29789bbf
TOGAKUSHI,ANOTHER,3a161b60-123e-8120-96a5-f4b57d724dd6
Super Rush,ANOTHER,3a161b60-123e-81b3-a3b7-c471cb9de5b4
SAY BAY,ANOTHER,3a161b60-123e-81bd-802b-f8257ba1a510
OTENAMI Hurricane,ANOTHER,3a161b60-123e-8112-bbfa-f61b3eea1d5e
NZM,ANOTHER,3a161b60-123e-8170-a943-ea3edf4e7bd2
駅猫のワルツ,ANOTHER,3a161b60-123e-812b-b36d-c6ec0ea6becd
Triple Counter,ANOTHER,3a161b60-123e-8122-b297-d2285d6a554a
Grand Chariot,ANOTHER,3a161b60-123e-8143-8289-f129c2f4110a
StrayedCatz,ANOTHER,3a161b60-123e-81ec-9304-ebd8756155c4
X,ANOTHER,3a161b60-123e-810e-87e8-d2e54b719fa4
199024club -Re:BounceKiller-,ANOTHER,3a161b60-123e-8104-80d5-d9146410bfa4
POSSESSION,ANOTHER,3a161b60-123e-8198-9fd5-c95ff26fd4af
M4K3 1T B0UNC3,ANOTHER,3a161b60-123e-8190-bba8-e549f0423a36
紫陽花 -AZISAI-,LEGGENDARIA,3a161b60-123e-8187-bd8d-c8e79783f6d5
Highcharge Divolt,ANOTHER,3a161b60-123e-8168-a09a-ce256f67099b
AO-1,ANOTHER,3a161b60-123e-811c-b805-deaacea541ba
CODE:1 [revision1.0.1],ANOTHER,3a161b60-123e-8163-8fd7-efe4e94c598a
NINJA IS DEAD IIDX ver.,ANOTHER,3a161b60-123e-81d0-a787-dd308f854b49
Godspeed,ANOTHER,3a161b60-123e-81a0-b776-fc471d8bde08
真 地獄超特急 -HELL or HELL-,ANOTHER,3a161b60-123e-8161-a77c-d22f713975e3
Konzert V,ANOTHER,3a161b60-123e-8158-84a7-f7e7c6cf5d28
Blue Spring Express,ANOTHER,3a161b60-123e-818c-8776-c42189609c66
Nightmare before oversleep,ANOTHER,3a161b60-123e-81f9-ab53-cfed19ae9346
めいさいアイドル☆あいむちゃん♪,ANOTHER,3a161b60-123e-816d-9ef5-c74c18d39d50
refrain,ANOTHER,3a161b60-123e-81bc-9064-e73b3ced9709
Dynamite,ANOTHER,3a161b60-123e-810c-a2f1-df3bbae558a6
DIAMOND CROSSING,ANOTHER,3a161b60-123e-8173-8269-cdc12fc9f266
Devil's Gear,ANOTHER,3a161b60-123e-81c8-941a-fef6d274696f
灼熱 Pt.2 Long Train Running,ANOTHER,3a161b60-123e-81aa-a4b2-cbaea0cb7aac
夏色DIARY - L.E.D.-G STYLE MIX -,ANOTHER,3a161b60-123e-810d-a24e-d090d0907404
少年は空を辿る,ANOTHER,3a161b60-123e-81f2-8f68-d97cd5800169
Invitation from Mr.C,ANOTHER,3a161b60-123e-815a-9537-c477db341f54
Sounds Of Summer,ANOTHER,3a161b60-123e-8129-b2d2-fdef10287575
Reflux,LEGGENDARIA,3a161b60-123e-8119-bcc7-eef1df79a405
Say YEEEAHH,ANOTHER,3a161b60-123e-810c-99ef-f09bd4587686
それは花火のような恋,ANOTHER,3a161b60-123e-812d-9c2e-df17b8b01b95
EBONY & IVORY,LEGGENDARIA,3a161b60-123e-8195-9f95-fd29853793e4
千年ノ理,LEGGENDARIA,3a161b60-123e-81fb-842b-c43b1a8a530c
共鳴遊戯の華,ANOTHER,3a161b60-123e-81e1-9218-d4bd1f9beb77
Chrono Diver -PENDULUMs-,ANOTHER,3a161b60-123e-81cb-bf80-f3af0582bb66
Despair of ELFERIA,ANOTHER,3a161b60-123e-8151-8977-f30d3752fb19
Shooting Fireball,ANOTHER,3a161b60-123e-810c-88ad-d8414dc8aeb0
Flashes,LEGGENDARIA,3a161b60-123e-81f9-bff1-d2a3ba484c1e
TIEFSEE,ANOTHER,3a161b60-123e-818c-bb3c-e23c50bde346
TOXIC VIBRATION,ANOTHER,3a161b60-123e-817e-92fb-c46eb53fbb44
Ludus In Tenebris,ANOTHER,3a161b60-123e-81be-b4e9-f813c8c47259
Rave*it!! Rave*it!!,ANOTHER,3a161b60-123e-8182-ace9-caa1bfb3aa77
entelecheia,ANOTHER,3a161b60-123e-8109-b026-f9cac83671f6
fallen leaves -IIDX edition-,ANOTHER,3a161b60-123e-81d3-ad93-c036d3cf3d36
リリーゼと炎龍レーヴァテイン,ANOTHER,3a161b60-123e-81be-b9db-d89911989602
Gravigazer,ANOTHER,3a161b60-123e-8185-aaf3-c9a63a127873
cinder,ANOTHER,3a161b60-123e-8138-9310-ce7209919807
Broken Sword,ANOTHER,3a161b60-123e-81eb-8c3a-ccaf81f5297a
NEO GENERATOR SEVEN,ANOTHER,3a161b60-123e-81e1-937c-d415d8e631a1
Symmetry,ANOTHER,3a161b60-123e-81c7-93d1-d9a02f885ad8
We're so Happy(P*Light Remix) IIDX ver.,ANOTHER,3a161b60-123e-8190-acef-e4eda23626f3
Hollywood Galaxy(DJ NAGAI Remix),ANOTHER,3a161b60-123e-81ce-8da4-c4076321fd44
紅牡丹,ANOTHER,3a161b60-123e-8107-8e1b-ece2893fc574
表裏一体!?怪盗いいんちょの悩み♥,LEGGENDARIA,3a161b60-123e-8169-afb7-c69e7dd0fa16
ZZ,ANOTHER,3a161b60-123e-81d6-9c65-c93d14d802a1
SpaceLand☆TOYBOX,ANOTHER,3a161b60-123e-813f-bdc8-f69b308b9a2b
Monopole.,ANOTHER,3a161b60-123e-8115-a99d-fc05afd1c8b7
FANTASTIC THREE,ANOTHER,3a161b60-123e-81d0-bdec-dccdf18865e9
海神,LEGGENDARIA,3a161b60-123e-81b3-a6ff-eec2cf4c5bbf
KAISER PHOENIX,LEGGENDARIA,3a161b60-123e-8162-a46e-eb6e84de7261
Idola,ANOTHER,3a161b60-123e-81cc-be70-cbd76b8b0932
Verflucht,LEGGENDARIA,3a161b60-123e-8151-8e80-d56b38dab0b9
疾風迅雷,LEGGENDARIA,3a161b60-123e-8141-ad81-e4054c3282d4
煉獄のエルフェリア,ANOTHER,3a161b60-123e-81d2-b971-d5b2d705de57
Immortal,ANOTHER,3a161b60-123e-8170-9229-e12c5c4099ed
Feel The Beat,LEGGENDARIA,3a161b60-123e-81e5-a9a7-d2797e6dc87d
invoker,LEGGENDARIA,3a161b60-123e-8195-b84e-e48e5eee4cd2
IX,ANOTHER,3a161b60-123e-81c8-8389-cd9c5936291c
Last Dance,ANOTHER,3a161b60-123e-81ee-9222-e55ef34fad86
BLUE DRAGON(雷龍RemixIIDX),ANOTHER,3a161b60-123e-816e-b638-de915302cf0e
Ancient Scapes,LEGGENDARIA,3a161b60-123e-81c3-a8af-f065fc520f18
轟け！恋のビーンボール！！,ANOTHER,3a161b60-123e-8156-8712-f48983f1433b
Sigmund,LEGGENDARIA,3a161b60-123e-816a-a987-d50a8ad7c563
ra'am,ANOTHER,3a161b60-123e-81ef-bd41-dbc36b17669b
PUNISHER,ANOTHER,3a161b60-123e-817c-8b24-d3e448b77b71
Close the World feat.a☆ru,LEGGENDARIA,3a161b60-123e-8168-85a6-e62d503e6800
旋律のドグマ〜Misérables〜,ANOTHER,3a161b60-123e-810e-bba1-c0a5e8e5d1d6
INSOMNIA,ANOTHER,3a161b60-123e-8150-ae5a-daae68f787c5
DARK LEGACY,ANOTHER,3a161b60-123e-81d0-a904-ffb5df22b54e
Adularia,ANOTHER,3a161b60-123e-8156-9572-da6f0560dc1b
Zirkfied,ANOTHER,3a161b60-123e-81e4-9338-cec4d3e45c7c
Valanga,ANOTHER,3a161b60-123e-81a5-b24b-de0f708af342
シュレーディンガーの猫,ANOTHER,3a161b60-123e-8170-a3f8-ed4cddfa50d6
音楽,ANOTHER,3a161b60-123e-81e9-b912-fe7c09d37c29
キャトられ♥恋はモ〜モク,ANOTHER,3a161b60-123e-81fd-8f68-e0b07c789938
Elemental Creation,ANOTHER,3a161b60-123e-819f-96ab-c2a351d16bf7
STULTI,ANOTHER,3a161b60-123e-8107-b04a-d8fb60513bea
GAIA,ANOTHER,3a161b60-123e-81d3-8a5d-caac3bbdc5ad
即席！脳直★ミュージックシステム,ANOTHER,3a161b60-123e-81ad-8414-d456153a3178
Confiserie,ANOTHER,3a161b60-123e-8149-b542-fdd8abc45fb6
True Blue,ANOTHER,3a161b60-123e-813a-be08-c9c3a940d9a8
†渚の小悪魔ラヴリィ〜レイディオ†(IIDX EDIT),ANOTHER,3a161b60-123e-81b9-879b-f2157ba46207
アストライアの双皿,ANOTHER,3a161b60-123e-81bd-89f1-c0881ff346fa
Timepiece phase II(CN Ver.),ANOTHER,3a161b60-123e-81cb-8ef4-df9b93ecd445
Timepiece phase II(CN Ver.),ANOTHER,3a161b60-123e-8151-8a52-ebf627368212
DAY DREAM,ANOTHER,3a161b60-123e-8197-ae03-e81466e2a1ef
Proof of the existence,ANOTHER,3a161b60-123e-81c6-9096-efb8265c50c6
トリカゴノ鳳凰,ANOTHER,3a161b60-123e-81d9-9636-c029dac65c49
JOMANDA,ANOTHER,3a161b60-123e-81a9-a331-f21cb7f26d7a
Hollywood Galaxy(DJ NAGAI Remix),ANOTHER,3a161b60-123e-8118-ade1-d1c4cc1f349c
neu,ANOTHER,3a161b60-123e-81da-a2d8-faef21406a90
Plan 8,ANOTHER,3a161b60-123e-81e5-a34c-fca40f8e418f
Thor's Hammer,ANOTHER,3a161b60-123e-81d9-b29a-c2d9406a9422
ΕΛΠΙΣ,LEGGENDARIA,3a161b60-123e-811c-84ce-dd8823d6f74d
SYNC-ANTHEM,ANOTHER,3a161b60-123e-815b-8d53-c36a5085bafd
Sol Cosine Job 2,ANOTHER,3a161b60-123e-81bf-b8ed-f4ab7567c11b
狂イ咲ケ焔ノ華,ANOTHER,3a161b60-123e-81bc-a4a8-e6c4ae89a924
Little Star,ANOTHER,3a161b60-123e-81b4-9d17-c51d4642d5e3
Liberation,ANOTHER,3a161b60-123e-8171-ac53-e2ab72a7ba56
Devilz Staircase,ANOTHER,3a161b60-123e-81af-9543-de6ee7eb0376
天空の夜明け,ANOTHER,3a161b60-123e-815d-86fd-fbacbca423f8
YAKSHA,ANOTHER,3a161b60-123e-81f7-95c5-d5f7abbe292a
The Limbo,LEGGENDARIA,3a161b60-123e-8127-8d47-fb84264d9b64
NNRT,ANOTHER,3a161b60-123e-8160-b964-dbe44246fb51
Todestrieb,ANOTHER,3a161b60-123e-8151-8e9d-c2b8f2a0b4bd
聖人の塔,LEGGENDARIA,3a161b60-123e-81a6-81f8-ea21dac1a444
The Sampling Paradise,ANOTHER,3a161b60-123e-81b4-bf54-e28091d9ec37
HAERETICUS,ANOTHER,3a161b60-123e-811e-9e24-dc9079e3c940
quaver♪,ANOTHER,3a161b60-123e-8174-b911-e9d29fd703f5
WONDER WALKER,ANOTHER,3a161b60-123e-8140-9bf3-d10e20a249c6
Snake Stick,ANOTHER,3a161b60-123e-81a2-8da7-cde8ca0c1c23
子供の落書き帳,ANOTHER,3a161b60-123e-8184-ac1c-d5eea3321d08
fffff,ANOTHER,3a161b60-123e-8140-8986-c42963331df1
DIAVOLO,ANOTHER,3a161b60-123e-8107-8f54-c383a44be6c0
恋する☆宇宙戦争っ!!,LEGGENDARIA,3a161b60-123e-81a6-9fc8-c4804a70806c
Thunderbolt,ANOTHER,3a161b60-123e-81b4-b094-ff15a0fa6653
F,ANOTHER,3a161b60-123e-818d-a0c4-cf8d55f68dc2
BLACK.by X-Cross Fade,ANOTHER,3a161b60-123e-811a-9b92-e72b4ba015b9
New Castle Legions,ANOTHER,3a161b60-123e-8134-bdbf-c4e07f98771d
Broken,ANOTHER,3a161b60-123e-8149-a405-c796c0bb3106
SPECIAL SUMMER CAMPAIGN!,ANOTHER,3a161b60-123e-81a7-b48d-e920d2d8cc89
"灼熱Beach Side Bunny(かめりあ's ""Summertime D'n'B"" Remix)",ANOTHER,3a161b60-123e-81e3-896f-dd241d590c0b
黒髪乱れし修羅となりて,ANOTHER,3a161b60-123e-81d1-b628-c303d159e8db
Watch Out Pt.2,ANOTHER,3a161b60-123e-81fa-9ee5-cbd5d00cc982
Session 9-Chronicles-,ANOTHER,3a161b60-123e-81a6-88e0-df2e709e0d1e
sakura storm,ANOTHER,3a161b60-123e-81aa-a1be-eb0525a7cbfd
reunion,ANOTHER,3a161b60-123e-81f6-abdb-cc86b844fc91
perditus†paradisus,ANOTHER,3a161b60-123e-81b6-9db3-cb65e62a1937
PARADISE LOST,ANOTHER,3a161b60-123e-817d-84c3-d69e6e04df84
ELECTRIC MASSIVE DIVER,ANOTHER,3a161b60-123e-81e8-91b4-df6468b42126
Dances with Snow Fairies,LEGGENDARIA,3a161b60-123e-81b8-962a-d9fe4e09b489
ALBIDA,ANOTHER,3a161b60-123e-81be-a770-ce32a1f1e3fc
"ワルツ第17番 ト短調""大犬のワルツ""",ANOTHER,3a161b60-123e-8163-9fac-e5785805dedc
SOLID STATE SQUAD -RISEN RELIC REMIX-,ANOTHER,3a161b60-123e-816a-b424-e5562032e895
Red. by Full Metal Jacket,ANOTHER,3a161b60-123e-819f-8e12-e4b271912663
quell〜the seventh slave〜,ANOTHER,3a161b60-123e-817c-b57f-e0faab2c35bf
mosaic,ANOTHER,3a161b60-123e-819d-a752-ffa904a1e8fb
GOLDEN CROSS,ANOTHER,3a161b60-123e-818b-8588-ddb64f72217a
G59,ANOTHER,3a161b60-123e-817b-a1b0-d69cc25d02f1
EXUSIA,ANOTHER,3a161b60-123e-8123-923a-cd86532e7267
Evans,ANOTHER,3a161b60-123e-8188-904f-e765cc628d22
eRAseRmOToRpHAntOM,ANOTHER,3a161b60-123e-8136-aa78-e0e46126393e
DOMINION,ANOTHER,3a161b60-123e-81a6-b74b-d3e358ebd5f3
Bad Maniacs,ANOTHER,3a161b60-123e-8151-bc8c-f1cfecb73e44
Almagest,ANOTHER,3a161b60-123e-8149-be15-fbd67a8bdfb5
Y&Co. is dead or alive,ANOTHER,3a161b60-123e-8127-922e-ecdbfa27bcce
不沈艦CANDY,ANOTHER,3a161b60-123e-8139-8c59-c7dc6f89a28e
卑弥呼,LEGGENDARIA,3a161b60-123e-8197-a956-edb9702e90aa
Go Beyond!!,ANOTHER,3a161b60-123e-816b-8719-da260e0bd9bc
Colorful Cookie,ANOTHER,3a161b60-123e-8100-ad77-ed767b047a15
BITTER CHOCOLATE STRIKER,ANOTHER,3a161b60-123e-81d9-8f01-e05d0a922e8c
3y3s,ANOTHER,3a161b60-123e-811c-854c-c1136e47e630
少年A,ANOTHER,3a161b60-123e-8142-8822-ced5c678d11e
TROOPERS,LEGGENDARIA,3a161b60-123e-81b9-b358-cd82d29a9cb3
Ristaccia,ANOTHER,3a161b60-123e-81d2-8a8f-f4f784917f58
PARANOiA 〜HADES〜,ANOTHER,3a161b60-123e-81bc-9578-daf212dd7baa
oratio,ANOTHER,3a161b60-123e-8145-9151-c249f36af0b1
MENDES,LEGGENDARIA,3a161b60-123e-813c-b3ed-ec361f0aca72
ICARUS,LEGGENDARIA,3a161b60-123e-8111-8a38-f7b51bfa77a3
電人、暁に斃れる。,ANOTHER,3a161b60-123e-81cc-a3a5-ceb49c679d12
VANESSA,LEGGENDARIA,3a161b60-123e-815e-a495-f49c6e460a73
Sense 2007,ANOTHER,3a161b60-123e-8196-a7ed-f49b5c6aa949
LASER CRUSTER (IGNITE REMIX),ANOTHER,3a161b60-123e-81ea-9d7d-c86c5b38ac13
FIRE FIRE,ANOTHER,3a161b60-123e-819b-8ff2-e8fc9b856053
Fascination MAXX,ANOTHER,3a161b60-123e-81e5-829e-dcbce4cb08c8
Candy Galy,ANOTHER,3a161b60-123e-811a-bd7d-dc733a4295f9
嘆きの樹,ANOTHER,3a161b60-123e-810d-b203-d8daec2e5c12
カゴノトリ〜弐式〜,ANOTHER,3a161b60-123e-815b-af75-cb9b0f11987c
tripping contact,ANOTHER,3a161b60-123e-81ad-8c82-c44398b493f9
DUE TOMORROW,ANOTHER,3a161b60-123e-816a-9436-ce1279622988
Concertino in Blue,ANOTHER,3a161b60-123e-81d1-8bff-fae8cac3bbb4
冥,ANOTHER,3a161b60-123e-8142-9364-f2d5053a7968
Scripted Connection⇒ H mix,LEGGENDARIA,3a161b60-123e-8103-a4cc-daf343991575
SCREAM SQUAD,ANOTHER,3a161b60-123e-81ac-b774-ed80c41da4b0
rage against usual,ANOTHER,3a161b60-123e-8145-9305-cb7d7a371ee5
"ピアノ協奏曲第１番""蠍火"" (BlackY Remix)",ANOTHER,3a161b60-123e-81f1-a0b5-daaa11ae029e
gigadelic,ANOTHER,3a161b60-123e-8191-8c09-ea83564093bd
FAKE TIME,ANOTHER,3a161b60-123e-81b6-9a10-c0401f67ae9f
AA,ANOTHER,3a161b60-123e-8167-88d5-e71ffed25c99
雪月花,ANOTHER,3a161b60-123e-813e-af5a-c26ab3e252c0
One More Lovely,ANOTHER,3a161b60-123e-81a8-ac75-d14f68e293e2
Innocent Walls,ANOTHER,3a161b60-123e-81d2-b180-cd0560df4f51
one or eight,ANOTHER,3a161b60-123e-8165-b0a8-da1c5705c978
moon_child,ANOTHER,3a161b60-123e-8127-b609-fc4b27e2c296
桜,ANOTHER,3a161b60-123e-816d-a34d-cecd4fedae14
PLEASE DON'T GO,ANOTHER,3a161b60-123e-81b3-a62c-c9c2df179c97
MAX 300,ANOTHER,3a161b60-123e-8186-b925-ea181b8ee1d7
A,ANOTHER,3a161b60-123e-8155-b478-dcc2c09c5817
Colors(radio edit),ANOTHER,3a161b60-123e-8122-a2a5-d829067a4b76
V,ANOTHER,3a161b60-123e-814c-aaa0-ddce562f55b6
GAMBOL,ANOTHER,3a161b60-123e-81f6-8bc6-fe08ac8b6883
Lagrangian Point Ø,ANOTHER,3a161b60-123e-81b1-b58e-dcc268e98fa8
In Your EyEs,ANOTHER,3a161b60-123e-819a-a393-d57e40f3f74c
ポチコの幸せな日常,ANOTHER,3a161b60-123e-8155-beb7-c0773e907cfb
Chronoxia,ANOTHER,3a161b60-123e-81c8-8c0e-f0e15e0dd512
見習い天使と星降りの丘,ANOTHER,3a161b60-123e-81ee-8918-faab9d9fbc6b
多極性ニューロンの崩壊による人間の末路,ANOTHER,3a161b60-123e-81ed-8815-e4628e44d9ad
天泣,ANOTHER,3a161b60-123e-81f4-a6d2-dea12eedfdd2
鬼華-修羅の舞-,ANOTHER,3a161b60-123e-81a8-8669-e495abdd4776
終末を追う者,ANOTHER,3a161b60-123e-81c1-99c0-fca00882acd7
Welcome to the Mosh Pit,ANOTHER,3a161b60-123e-8105-8637-d8cde3b130ed
ドゥサンコオデッセイ!!,ANOTHER,3a161b60-123e-810d-8798-dcceba2d9dbc
光風霽月,ANOTHER,3a161b60-123e-8146-b6ef-dd627d731bc2
STAY GOLD,ANOTHER,3a161b60-123e-81f9-9657-c720985f7a7e
REFLEXES MANIPULATION,ANOTHER,3a161b60-123e-819b-8779-e4e94a2ad62d
onslaught,ANOTHER,3a161b60-123e-8153-a75e-e87a724df126
GHEL NAGARAJA,ANOTHER,3a161b60-123e-81aa-9148-d2aecd860db1
Inner Spirit -GIGA HiTECH MIX-,ANOTHER,3a161b60-123e-813d-91bf-e9ee7439644e
恋歌疾風！かるたクイーンいろは,ANOTHER,3a161b60-123e-81f4-81ed-e4f1bffa8020
キヤロラ衛星の軌跡,ANOTHER,3a161b60-123e-811e-b5cf-fc54344c61ef
Spirit of the Beast,ANOTHER,3a161b60-123e-813e-8532-ebb03f34c195
ジオメトリック�塔eィーパーティー,ANOTHER,3a161b60-123e-8189-a0a8-d1297acfc506
Cross Fire,ANOTHER,3a161b60-123e-8134-9486-c753fcfe24ec
Cosy Catastrophe,ANOTHER,3a161b60-123e-819a-94e7-e21f855707a8
FEEDING FRENZY,ANOTHER,3a161b60-123e-81e2-8c33-c096e1569f71
未完成ノ蒸氣驅動乙女,ANOTHER,3a161b60-123e-818b-a310-c6c0e387a9d3
情熱タンデムRUNAWAY,ANOTHER,3a161b60-123e-8144-b746-cca9d967b456
uәn,ANOTHER,3a161b60-123e-81e3-a488-fa3639868c2e
ALL OK!!,ANOTHER,3a161b60-123e-81c6-9c17-e372bbc2ea07
BLAZING_LAZER,ANOTHER,3a161b60-123e-816a-803e-d1c610c89de3
24h Endurance Race,ANOTHER,3a161b60-123e-81f2-bc96-e524a65207e1
1116,ANOTHER,3a161b60-123e-81a8-9d97-e8125823f7d0
TSAR BOMBA,ANOTHER,3a161b60-123e-81c8-818e-ea7b2dcb5211
Remain,ANOTHER,3a161b60-123e-81a1-b524-f80fe2f32be4
雪上断火,ANOTHER,3a161b60-123e-81a2-8b63-e8d3e9d92565
GRAVITON,ANOTHER,3a161b60-123e-81c5-9700-d42f5f8b7d90
3y3s (Long ver.),ANOTHER,3a161b60-123e-81ce-b5dd-da2db784966c
VOX UP,ANOTHER,3a161b60-123e-816d-904c-dd557ba8a81d
たまゆら,ANOTHER,3a161b60-123e-81ca-846a-fbcd464fde5a
The Least 100sec,ANOTHER,3a161b60-123e-8119-a83d-d50b49233eb3
IMPLANTATION,ANOTHER,3a161b60-123e-81ad-acf4-eca36c8092f9
DRUNK MONKY,ANOTHER,3a161b60-123e-8102-b4aa-cfc632f2d8e8
BLUE MIRAGE,ANOTHER,3a161b60-123e-8108-b089-d6f8fafa5fd0
